{
  "test_set_metrics": {
    "accuracy": 99.78908515686791,
    "precision": 0.9969834309513701,
    "recall": 0.9970111426888228,
    "f1_score": 0.9969971675767907,
    "mean_auc": 0.9999904129444844
  },
  "per_class_auc": {
    "hit": 0.9999872574798594,
    "kick": 0.999969777866249,
    "punch": 0.9999665794755702,
    "push": 1.0,
    "ride_horse": 0.9999996887341968,
    "shoot_gun": 1.0,
    "stand": 1.0,
    "wave": 1.0
  },
  "binary_classification": {
    "accuracy": 99.97363564460849,
    "precision": 0.9997687861271676,
    "recall": 0.9995376791493297,
    "f1_score": 0.9996532192810079,
    "auc": 0.9999998361261694
  },
  "improvement": {
    "baseline_vgg16": 71.0,
    "our_model": 99.78908515686791,
    "absolute_improvement": 28.789085156867912,
    "relative_improvement_pct": 40.54800726319424,
    "target_met": true
  },
  "model_info": {
    "name": "Adversarial + CBAM",
    "validation_accuracy": 99.78029703840407,
    "checkpoint": "novelty_files/checkpoints/adversarial_finetuned.pt"
  },
  "test_set_info": {
    "num_samples": 11379,
    "num_classes": 8,
    "classes": [
      "hit",
      "kick",
      "punch",
      "push",
      "ride_horse",
      "shoot_gun",
      "stand",
      "wave"
    ]
  }
}