{
  "notebook": "Notebook 7: Ablation Studies",
  "completed": true,
  "timestamp": "2026-01-01T08:36:34.541551",
  "total_configs": 15,
  "evaluated_configs": 13,
  "coverage_percent": 86.66666666666667,
  "best_configuration": "13_ViT_CBAM_PGD",
  "best_accuracy": 99.78029703840407,
  "baseline_accuracy": 71.0,
  "improvement": 28.780297038404072,
  "mean_accuracy": 96.5145578562399,
  "std_accuracy": 7.7272170753911755
}